transaction_id,user_id,amount,timestamp,location_country
txn_1000,user_44,3134370.21,2025-06-17 13:44:09.720961,ID
txn_1001,user_18,1849730.66,2025-07-06 10:44:09.720961,ID
txn_1002,user_41,2413923.93,2025-07-12 11:44:09.720961,ID
txn_1003,user_30,3035717.93,2025-06-26 02:44:09.720961,ID
txn_1004,user_23,1450715.91,2025-07-13 08:44:09.720961,ID
txn_1005,user_28,4218339.39,2025-07-08 05:44:09.720961,ID
txn_1006,user_9,3987370.3,2025-07-14 14:44:09.720961,ID
txn_1007,user_45,948529.53,2025-07-08 00:44:09.720961,ID
txn_1008,user_27,581404.0,2025-07-15 02:44:09.720961,ID
txn_1009,user_13,1477638.7,2025-07-15 03:44:09.720961,ID
txn_1010,user_28,2239733.97,2025-07-04 13:44:09.720961,ID
txn_1011,user_30,4887920.84,2025-06-24 01:44:09.720961,ID
txn_1012,user_45,3719621.32,2025-06-27 04:44:09.720961,ID
txn_1013,user_20,1287501.84,2025-06-27 20:44:09.720961,ID
txn_1014,user_20,1880896.8,2025-06-19 14:44:09.720961,ID
txn_1015,user_3,1846375.0,2025-07-13 05:44:09.720961,ID
txn_1016,user_32,2796739.71,2025-07-03 15:44:09.720961,ID
txn_1017,user_34,2862701.07,2025-07-12 04:44:09.720961,ID
txn_1018,user_4,3792578.71,2025-06-26 13:44:09.720961,ID
txn_1019,user_46,3808591.94,2025-06-30 14:44:09.720961,ID
txn_1020,user_19,2840508.41,2025-06-26 12:44:09.720961,ID
txn_1021,user_3,3612293.41,2025-07-01 12:44:09.720961,ID
txn_1022,user_47,1307407.01,2025-07-10 01:44:09.720961,ID
txn_1023,user_48,1863341.74,2025-06-26 05:44:09.720961,ID
txn_1024,user_8,1203092.69,2025-07-13 16:44:09.720961,ID
txn_1025,user_7,1547527.08,2025-07-10 03:44:09.720961,ID
txn_1026,user_25,1828179.55,2025-06-28 03:44:09.720961,ID
txn_1027,user_33,1772256.98,2025-07-03 04:44:09.720961,ID
txn_1028,user_8,2127110.29,2025-07-06 14:44:09.720961,ID
txn_1029,user_15,3361864.81,2025-07-16 21:44:09.720961,ID
txn_1030,user_15,954242.0,2025-06-23 13:44:09.720961,ID
txn_1031,user_3,144428.63,2025-06-19 12:44:09.720961,ID
txn_1032,user_32,2285469.25,2025-06-27 10:44:09.720961,ID
txn_1033,user_20,430914.73,2025-07-14 21:44:09.720961,ID
txn_1034,user_6,1223668.87,2025-07-02 10:44:09.720961,ID
txn_1035,user_43,986574.68,2025-06-24 16:44:09.720961,ID
txn_1036,user_21,4682450.43,2025-06-22 15:44:09.720961,ID
txn_1037,user_13,11960.38,2025-07-11 04:44:09.720961,ID
txn_1038,user_31,2010571.58,2025-07-02 10:44:09.720961,ID
txn_1039,user_16,386202.93,2025-06-22 16:44:09.720961,ID
txn_1040,user_18,2378137.81,2025-07-07 10:44:09.720961,ID
txn_1041,user_26,2215075.76,2025-06-28 01:44:09.720961,ID
txn_1042,user_10,3549569.88,2025-07-04 06:44:09.720961,ID
txn_1043,user_27,327803.31,2025-06-27 15:44:09.720961,ID
txn_1044,user_3,2017027.16,2025-07-14 00:44:09.720961,ID
txn_1045,user_22,2680128.7,2025-06-22 05:44:09.720961,ID
txn_1046,user_28,4938947.2,2025-06-26 06:44:09.720961,ID
txn_1047,user_35,2513316.51,2025-06-19 23:44:09.720961,ID
txn_1048,user_16,645701.1,2025-07-05 12:44:09.720961,ID
txn_1049,user_17,4816334.08,2025-06-30 22:44:09.720961,ID
txn_1050,user_26,1243541.41,2025-06-29 16:44:09.720961,ID
txn_1051,user_26,1550198.43,2025-07-15 18:44:09.720961,ID
txn_1052,user_49,3554941.68,2025-06-25 15:44:09.720961,ID
txn_1053,user_40,147500.55,2025-06-30 13:44:09.720961,ID
txn_1054,user_31,3251636.87,2025-07-03 02:44:09.720961,ID
txn_1055,user_15,671939.12,2025-07-08 03:44:09.720961,ID
txn_1056,user_48,4346311.39,2025-07-12 17:44:09.720961,ID
txn_1057,user_44,541188.01,2025-06-22 16:44:09.720961,ID
txn_1058,user_30,4462355.57,2025-07-15 16:44:09.720961,ID
txn_1059,user_42,2344799.44,2025-06-26 22:44:09.720961,ID
txn_1060,user_36,1497521.79,2025-07-10 13:44:09.720961,ID
txn_1061,user_48,1314466.06,2025-07-07 02:44:09.720961,ID
txn_1062,user_49,3741373.14,2025-07-16 21:44:09.720961,ID
txn_1063,user_0,4302818.37,2025-06-30 09:44:09.720961,ID
txn_1064,user_6,327654.38,2025-06-30 20:44:09.720961,ID
txn_1065,user_38,3153761.07,2025-07-05 16:44:09.720961,ID
txn_1066,user_19,2215785.11,2025-07-02 22:44:09.720961,ID
txn_1067,user_44,4619042.17,2025-06-30 21:44:09.720961,ID
txn_1068,user_14,49530.84,2025-06-28 09:44:09.720961,ID
txn_1069,user_24,2332321.75,2025-07-02 11:44:09.720961,ID
txn_1070,user_9,1903458.94,2025-07-13 12:44:09.720961,ID
txn_1071,user_17,4134725.94,2025-07-11 07:44:09.720961,ID
txn_1072,user_6,1095994.86,2025-07-14 04:44:09.720961,ID
txn_1073,user_32,2434289.2,2025-06-23 01:44:09.720961,ID
txn_1074,user_18,4940778.54,2025-07-06 04:44:09.720961,ID
txn_1075,user_40,900076.86,2025-07-02 04:44:09.720961,ID
txn_1076,user_12,4564501.54,2025-07-11 17:44:09.720961,ID
txn_1077,user_27,1306749.31,2025-06-29 04:44:09.720961,ID
txn_1078,user_20,1617138.56,2025-07-03 12:44:09.720961,ID
txn_1079,user_13,3752753.55,2025-06-28 02:44:09.720961,ID
txn_1080,user_3,4132154.87,2025-06-20 07:44:09.720961,ID
txn_1081,user_39,4137917.79,2025-06-20 19:44:09.720961,ID
txn_1082,user_17,2709990.96,2025-06-28 00:44:09.720961,ID
txn_1083,user_9,4725788.86,2025-07-04 07:44:09.720961,ID
txn_1084,user_42,1343978.44,2025-07-04 08:44:09.720961,ID
txn_1085,user_31,3545703.71,2025-06-18 07:44:09.720961,ID
txn_1086,user_26,4539303.94,2025-07-12 07:44:09.720961,ID
txn_1087,user_1,4091333.86,2025-06-24 11:44:09.720961,ID
txn_1088,user_48,54817.38,2025-06-30 23:44:09.720961,ID
txn_1089,user_3,2190276.93,2025-07-15 00:44:09.720961,ID
txn_1090,user_6,1755493.17,2025-07-15 11:44:09.720961,ID
txn_1091,user_43,131268.93,2025-06-26 01:44:09.720961,ID
txn_1092,user_4,3179390.7,2025-06-29 16:44:09.720961,ID
txn_1093,user_25,2005941.95,2025-06-28 02:44:09.720961,ID
txn_1094,user_13,1204677.97,2025-07-14 05:44:09.720961,ID
txn_1095,user_29,1081261.44,2025-06-19 22:44:09.720961,ID
txn_1096,user_20,3157820.01,2025-06-17 18:44:09.720961,ID
txn_1097,user_25,394611.08,2025-06-24 16:44:09.720961,ID
txn_1098,user_43,3072951.52,2025-07-01 17:44:09.720961,ID
txn_1099,user_33,3368184.95,2025-06-25 22:44:09.720961,ID
txn_1100,user_28,3826167.8,2025-07-13 22:44:09.720961,ID
txn_1101,user_37,4997387.97,2025-07-04 04:44:09.720961,ID
txn_1102,user_48,1305338.17,2025-06-19 07:44:09.720961,ID
txn_1103,user_3,4119138.0,2025-07-07 07:44:09.720961,ID
txn_1104,user_21,2645364.89,2025-07-09 13:44:09.720961,ID
txn_1105,user_10,3324336.01,2025-06-20 07:44:09.720961,ID
txn_1106,user_25,4332159.49,2025-06-27 10:44:09.720961,ID
txn_1107,user_23,1217104.56,2025-06-25 04:44:09.720961,ID
txn_1108,user_2,4260424.82,2025-06-27 06:44:09.720961,ID
txn_1109,user_35,2334473.35,2025-06-28 19:44:09.720961,ID
txn_1110,user_38,204566.95,2025-07-06 12:44:09.720961,ID
txn_1111,user_26,356509.31,2025-06-22 00:44:09.720961,ID
txn_1112,user_11,1940057.27,2025-07-10 00:44:09.720961,ID
txn_1113,user_38,99014.3,2025-07-10 05:44:09.720961,ID
txn_1114,user_44,1302545.44,2025-07-15 02:44:09.720961,ID
txn_1115,user_29,4244345.96,2025-06-21 07:44:09.720961,ID
txn_1116,user_11,639440.47,2025-07-08 19:44:09.720961,ID
txn_1117,user_21,4671696.76,2025-06-25 22:44:09.720961,ID
txn_1118,user_39,956697.85,2025-06-20 16:44:09.720961,ID
txn_1119,user_7,1858623.9,2025-06-26 03:44:09.720961,ID
txn_1120,user_21,4462807.51,2025-06-25 04:44:09.720961,ID
txn_1121,user_18,360587.72,2025-06-25 06:44:09.720961,ID
txn_1122,user_25,1578402.0,2025-07-05 12:44:09.720961,ID
txn_1123,user_35,1284658.52,2025-06-29 19:44:09.720961,ID
txn_1124,user_39,2094365.87,2025-07-17 05:44:09.720961,ID
txn_1125,user_42,3888864.36,2025-07-06 09:44:09.720961,ID
txn_1126,user_47,2091094.7,2025-07-04 07:44:09.720961,ID
txn_1127,user_18,2369364.83,2025-06-27 13:44:09.720961,ID
txn_1128,user_28,4189502.22,2025-06-27 19:44:09.720961,ID
txn_1129,user_36,3311865.83,2025-06-26 01:44:09.720961,ID
txn_1130,user_32,1569381.01,2025-07-02 06:44:09.720961,ID
txn_1131,user_7,1109610.1,2025-07-01 16:44:09.720961,ID
txn_1132,user_22,4823580.28,2025-07-08 13:44:09.720961,ID
txn_1133,user_10,1623029.3,2025-06-19 21:44:09.720961,ID
txn_1134,user_29,2593975.48,2025-07-14 11:44:09.720961,ID
txn_1135,user_40,310372.1,2025-07-07 08:44:09.720961,ID
txn_1136,user_45,2564073.96,2025-07-03 01:44:09.720961,ID
txn_1137,user_43,1121933.36,2025-06-22 19:44:09.720961,ID
txn_1138,user_47,1344318.18,2025-06-25 12:44:09.720961,ID
txn_1139,user_14,3885222.82,2025-07-06 16:44:09.720961,ID
txn_1140,user_41,319532.71,2025-07-17 08:44:09.720961,ID
txn_1141,user_12,1138916.45,2025-06-26 07:44:09.720961,ID
txn_1142,user_6,3087771.21,2025-06-28 15:44:09.720961,ID
txn_1143,user_23,3185061.93,2025-06-22 23:44:09.720961,ID
txn_1144,user_10,1606706.87,2025-07-16 22:44:09.720961,ID
txn_1145,user_19,3520731.33,2025-07-04 13:44:09.720961,ID
txn_1146,user_31,2564431.51,2025-07-11 09:44:09.720961,ID
txn_1147,user_29,4581074.11,2025-07-07 05:44:09.720961,ID
txn_1148,user_35,202125.54,2025-06-20 16:44:09.720961,ID
txn_1149,user_2,3506503.74,2025-06-24 02:44:09.720961,ID
txn_1150,user_33,3487809.79,2025-07-06 02:44:09.720961,ID
txn_1151,user_26,129568.68,2025-06-18 19:44:09.720961,ID
txn_1152,user_5,1475005.01,2025-07-17 03:44:09.720961,ID
txn_1153,user_43,712913.89,2025-06-25 08:44:09.720961,ID
txn_1154,user_29,4880169.98,2025-07-16 01:44:09.720961,ID
txn_1155,user_3,3778716.3,2025-07-06 08:44:09.720961,ID
txn_1156,user_46,112852.76,2025-06-26 11:44:09.720961,ID
txn_1157,user_42,4469653.57,2025-06-27 18:44:09.720961,ID
txn_1158,user_37,990147.13,2025-07-14 21:44:09.720961,ID
txn_1159,user_7,2925987.08,2025-06-27 14:44:09.720961,ID
txn_1160,user_6,2466195.26,2025-06-19 05:44:09.720961,ID
txn_1161,user_29,3524034.0,2025-07-14 21:44:09.720961,ID
txn_1162,user_17,3121094.47,2025-07-01 23:44:09.720961,ID
txn_1163,user_29,2345339.54,2025-07-07 02:44:09.720961,ID
txn_1164,user_36,524768.71,2025-07-15 03:44:09.720961,ID
txn_1165,user_23,1392914.36,2025-07-03 15:44:09.720961,ID
txn_1166,user_7,2205521.25,2025-07-02 21:44:09.720961,ID
txn_1167,user_45,4470214.93,2025-07-14 19:44:09.720961,ID
txn_1168,user_9,1981461.23,2025-06-23 18:44:09.720961,ID
txn_1169,user_33,4918876.49,2025-06-21 14:44:09.720961,ID
txn_1170,user_16,1137517.7,2025-06-25 15:44:09.720961,ID
txn_1171,user_9,3943743.4,2025-06-25 06:44:09.720961,ID
txn_1172,user_12,118997.17,2025-07-04 06:44:09.720961,ID
txn_1173,user_30,1293366.17,2025-07-15 19:44:09.720961,ID
txn_1174,user_34,3373671.01,2025-07-02 06:44:09.720961,ID
txn_1175,user_29,1675380.11,2025-07-16 23:44:09.720961,ID
txn_1176,user_23,4964138.44,2025-06-20 12:44:09.720961,ID
txn_1177,user_18,4995954.29,2025-07-04 08:44:09.720961,ID
txn_1178,user_34,1199417.57,2025-06-27 23:44:09.720961,ID
txn_1179,user_34,2341254.36,2025-07-05 17:44:09.720961,ID
txn_1180,user_27,2428203.04,2025-06-26 23:44:09.720961,ID
txn_1181,user_15,1240974.0,2025-06-25 13:44:09.720961,ID
txn_1182,user_32,4996034.51,2025-07-07 10:44:09.720961,ID
txn_1183,user_18,381573.82,2025-06-21 05:44:09.720961,ID
txn_1184,user_17,2440869.46,2025-06-20 15:44:09.720961,ID
txn_1185,user_20,2995821.56,2025-06-18 13:44:09.720961,ID
txn_1186,user_3,2035149.08,2025-07-06 18:44:09.720961,ID
txn_1187,user_33,793842.36,2025-06-19 20:44:09.720961,ID
txn_1188,user_45,3041436.42,2025-06-21 15:44:09.720961,ID
txn_1189,user_20,4038111.94,2025-07-13 23:44:09.720961,ID
txn_1190,user_7,2488653.1,2025-07-12 23:44:09.720961,ID
txn_1191,user_49,2703108.03,2025-06-22 10:44:09.720961,ID
txn_1192,user_24,4959430.98,2025-07-04 19:44:09.720961,ID
txn_1193,user_34,2045644.34,2025-07-03 04:44:09.720961,ID
txn_1194,user_39,667749.38,2025-07-05 00:44:09.720961,ID
txn_1195,user_22,4691930.29,2025-07-03 05:44:09.720961,ID
txn_1196,user_26,594806.65,2025-07-01 17:44:09.720961,ID
txn_1197,user_1,2848021.5,2025-06-28 01:44:09.720961,ID
txn_1198,user_9,921395.62,2025-06-23 14:44:09.720961,ID
txn_1199,user_48,577610.22,2025-06-29 06:44:09.720961,ID
txn_1200,user_17,2727030.31,2025-06-18 04:44:09.720961,ID
txn_1201,user_31,430639.61,2025-07-02 05:44:09.720961,ID
txn_1202,user_39,3883438.78,2025-06-19 06:44:09.720961,ID
txn_1203,user_8,1943595.86,2025-07-15 17:44:09.720961,ID
txn_1204,user_23,2814409.38,2025-06-30 09:44:09.720961,ID
txn_1205,user_39,1503195.42,2025-06-20 12:44:09.720961,ID
txn_1206,user_42,4058731.87,2025-07-17 08:44:09.720961,ID
txn_1207,user_12,3292733.87,2025-07-07 00:44:09.720961,ID
txn_1208,user_29,1480255.91,2025-06-30 18:44:09.720961,ID
txn_1209,user_6,533877.66,2025-07-05 15:44:09.720961,ID
txn_1210,user_7,1144656.01,2025-07-10 05:44:09.720961,ID
txn_1211,user_20,1708104.95,2025-07-10 20:44:09.720961,ID
txn_1212,user_18,4048087.29,2025-07-05 18:44:09.720961,ID
txn_1213,user_7,3553807.96,2025-07-06 22:44:09.720961,ID
txn_1214,user_35,1680569.54,2025-06-22 02:44:09.720961,ID
txn_1215,user_19,243465.85,2025-06-23 01:44:09.720961,ID
txn_1216,user_28,659282.79,2025-07-09 22:44:09.720961,ID
txn_1217,user_22,2543196.3,2025-07-09 09:44:09.720961,ID
txn_1218,user_33,3083168.03,2025-06-23 12:44:09.720961,ID
txn_1219,user_43,3817530.3,2025-06-28 07:44:09.720961,ID
txn_1220,user_0,870413.2,2025-06-21 01:44:09.720961,ID
txn_1221,user_6,1072957.58,2025-07-07 13:44:09.720961,ID
txn_1222,user_26,4780084.38,2025-07-06 03:44:09.720961,ID
txn_1223,user_45,2789548.69,2025-06-21 07:44:09.720961,ID
txn_1224,user_49,4985105.89,2025-07-14 19:44:09.720961,ID
txn_1225,user_14,3511285.32,2025-06-19 04:44:09.720961,ID
txn_1226,user_29,3335740.85,2025-07-07 21:44:09.720961,ID
txn_1227,user_11,4174429.88,2025-06-25 13:44:09.720961,ID
txn_1228,user_43,3584148.54,2025-06-21 12:44:09.720961,ID
txn_1229,user_41,2485624.66,2025-06-27 21:44:09.720961,ID
txn_1230,user_38,568342.89,2025-06-25 07:44:09.720961,ID
txn_1231,user_34,274665.95,2025-06-24 21:44:09.720961,ID
txn_1232,user_43,1267684.75,2025-06-17 09:44:09.720961,ID
txn_1233,user_34,4254916.14,2025-07-16 13:44:09.720961,ID
txn_1234,user_28,4768656.15,2025-07-03 15:44:09.720961,ID
txn_1235,user_42,1303268.2,2025-07-11 19:44:09.720961,ID
txn_1236,user_24,3750549.95,2025-06-23 22:44:09.720961,ID
txn_1237,user_18,4013823.0,2025-07-08 09:44:09.720961,ID
txn_1238,user_20,1041138.04,2025-07-08 01:44:09.720961,ID
txn_1239,user_20,3770758.05,2025-07-16 09:44:09.720961,ID
txn_1240,user_2,3733299.16,2025-07-10 13:44:09.720961,ID
txn_1241,user_21,2559507.14,2025-07-03 10:44:09.720961,ID
txn_1242,user_10,4317200.58,2025-06-21 13:44:09.720961,ID
txn_1243,user_29,2370943.49,2025-07-13 23:44:09.720961,ID
txn_1244,user_28,1538995.62,2025-07-12 14:44:09.720961,ID
txn_1245,user_19,298731.64,2025-06-20 04:44:09.720961,ID
txn_1246,user_39,4847070.66,2025-07-01 15:44:09.720961,ID
txn_1247,user_33,3247779.68,2025-07-03 05:44:09.720961,ID
txn_1248,user_2,1217322.06,2025-06-24 23:44:09.720961,ID
txn_1249,user_16,145697.02,2025-07-09 04:44:09.720961,ID
txn_1250,user_28,2803492.95,2025-07-01 04:44:09.720961,ID
txn_1251,user_16,2492606.07,2025-07-10 13:44:09.720961,ID
txn_1252,user_45,3183227.5,2025-07-14 18:44:09.720961,ID
txn_1253,user_30,4410219.88,2025-06-18 21:44:09.720961,ID
txn_1254,user_4,4073369.54,2025-07-11 01:44:09.720961,ID
txn_1255,user_27,3794326.3,2025-07-16 17:44:09.720961,ID
txn_1256,user_17,4636963.69,2025-06-23 17:44:09.720961,ID
txn_1257,user_32,1901601.18,2025-07-08 16:44:09.720961,ID
txn_1258,user_9,3514594.64,2025-06-26 13:44:09.720961,ID
txn_1259,user_16,3211865.38,2025-07-07 16:44:09.720961,ID
txn_1260,user_18,552384.77,2025-06-26 20:44:09.720961,ID
txn_1261,user_30,3203869.58,2025-06-23 21:44:09.720961,ID
txn_1262,user_37,1024830.51,2025-06-20 13:44:09.720961,ID
txn_1263,user_16,2294496.86,2025-06-22 13:44:09.720961,ID
txn_1264,user_11,3985197.29,2025-07-03 02:44:09.720961,ID
txn_1265,user_35,1018739.16,2025-07-02 02:44:09.720961,ID
txn_1266,user_39,1674381.59,2025-06-29 01:44:09.720961,ID
txn_1267,user_48,4251749.22,2025-07-16 06:44:09.720961,ID
txn_1268,user_42,2900437.54,2025-06-17 09:44:09.720961,ID
txn_1269,user_20,4910900.89,2025-06-24 21:44:09.720961,ID
txn_1270,user_17,2568594.19,2025-06-24 21:44:09.720961,ID
txn_1271,user_3,1031195.73,2025-06-24 11:44:09.720961,ID
txn_1272,user_24,4778456.92,2025-07-03 07:44:09.720961,ID
txn_1273,user_40,4151641.98,2025-07-02 10:44:09.720961,ID
txn_1274,user_0,222770.01,2025-07-06 07:44:09.720961,ID
txn_1275,user_31,1910575.62,2025-06-27 13:44:09.720961,ID
txn_1276,user_35,3536699.89,2025-06-26 20:44:09.720961,ID
txn_1277,user_49,980729.9,2025-07-03 15:44:09.720961,ID
txn_1278,user_30,4524195.84,2025-06-26 17:44:09.720961,ID
txn_1279,user_37,504428.47,2025-07-16 11:44:09.720961,ID
txn_1280,user_8,1884470.94,2025-07-14 21:44:09.720961,ID
txn_1281,user_33,2828940.38,2025-07-08 10:44:09.720961,ID
txn_1282,user_10,2497150.62,2025-06-21 02:44:09.720961,ID
txn_1283,user_19,3141970.9,2025-06-26 14:44:09.720961,ID
txn_1284,user_18,4433799.24,2025-06-28 03:44:09.720961,ID
txn_1285,user_9,3514428.9,2025-06-21 19:44:09.720961,ID
txn_1286,user_36,578579.53,2025-06-23 12:44:09.720961,ID
txn_1287,user_5,1441358.69,2025-07-13 12:44:09.720961,ID
txn_1288,user_43,4120984.9,2025-07-14 00:44:09.720961,ID
txn_1289,user_1,648033.68,2025-06-17 20:44:09.720961,ID
txn_1290,user_19,3490748.61,2025-06-30 00:44:09.720961,ID
txn_1291,user_26,2936368.72,2025-07-05 10:44:09.720961,ID
txn_1292,user_45,3520154.52,2025-07-02 09:44:09.720961,ID
txn_1293,user_48,4827233.29,2025-07-14 00:44:09.720961,ID
txn_1294,user_30,1838026.73,2025-07-15 17:44:09.720961,ID
txn_1295,user_27,747033.75,2025-06-29 14:44:09.720961,ID
txn_1296,user_46,2702493.28,2025-06-18 04:44:09.720961,ID
txn_1297,user_29,455086.96,2025-07-17 04:44:09.720961,ID
txn_1298,user_7,4919264.92,2025-07-06 11:44:09.720961,ID
txn_1299,user_24,4671969.71,2025-07-07 07:44:09.720961,ID
txn_1300,user_1,4188583.58,2025-07-01 16:44:09.720961,ID
txn_1301,user_41,4222097.88,2025-07-01 12:44:09.720961,ID
txn_1302,user_13,3255526.43,2025-07-03 21:44:09.720961,ID
txn_1303,user_24,474256.7,2025-07-01 12:44:09.720961,ID
txn_1304,user_4,938586.68,2025-07-04 20:44:09.720961,ID
txn_1305,user_38,1427167.59,2025-06-26 02:44:09.720961,ID
txn_1306,user_42,4464090.8,2025-07-05 04:44:09.720961,ID
txn_1307,user_8,23473.55,2025-07-14 06:44:09.720961,ID
txn_1308,user_39,376547.07,2025-06-24 22:44:09.720961,ID
txn_1309,user_31,59627.41,2025-07-01 23:44:09.720961,ID
txn_1310,user_28,3957005.02,2025-06-21 22:44:09.720961,ID
txn_1311,user_5,4828525.06,2025-06-22 11:44:09.720961,ID
txn_1312,user_30,1676664.54,2025-06-29 10:44:09.720961,ID
txn_1313,user_26,3948464.51,2025-07-15 13:44:09.720961,ID
txn_1314,user_22,1008907.98,2025-07-14 06:44:09.720961,ID
txn_1315,user_42,4932410.31,2025-06-21 03:44:09.720961,ID
txn_1316,user_48,4170715.53,2025-06-22 15:44:09.720961,ID
txn_1317,user_44,609709.94,2025-07-17 08:44:09.720961,ID
txn_1318,user_14,2285780.12,2025-07-07 13:44:09.720961,ID
txn_1319,user_48,3606123.28,2025-07-14 06:44:09.720961,ID
txn_1320,user_48,4457735.89,2025-07-07 23:44:09.720961,ID
txn_1321,user_28,4860948.92,2025-06-22 10:44:09.720961,ID
txn_1322,user_49,1588260.9,2025-07-06 17:44:09.720961,ID
txn_1323,user_19,4264802.01,2025-07-02 07:44:09.720961,ID
txn_1324,user_12,3551456.21,2025-07-02 05:44:09.720961,ID
txn_1325,user_10,4181251.14,2025-06-21 06:44:09.720961,ID
txn_1326,user_1,4807915.65,2025-06-23 14:44:09.720961,ID
txn_1327,user_21,3803365.53,2025-06-22 14:44:09.720961,ID
txn_1328,user_33,2317028.78,2025-06-30 19:44:09.720961,ID
txn_1329,user_23,2152678.6,2025-07-10 08:44:09.720961,ID
txn_1330,user_25,1423480.61,2025-07-08 04:44:09.720961,ID
txn_1331,user_20,4990390.89,2025-07-05 06:44:09.720961,ID
txn_1332,user_39,3025135.54,2025-07-12 15:44:09.720961,ID
txn_1333,user_36,2211614.64,2025-07-15 11:44:09.720961,ID
txn_1334,user_41,4275924.06,2025-06-30 03:44:09.720961,ID
txn_1335,user_5,3858546.61,2025-07-13 05:44:09.720961,ID
txn_1336,user_4,4482322.14,2025-07-05 07:44:09.720961,ID
txn_1337,user_3,4029237.38,2025-07-15 06:44:09.720961,ID
txn_1338,user_25,4193892.33,2025-06-26 11:44:09.720961,ID
txn_1339,user_19,4100262.15,2025-07-17 07:44:09.720961,ID
txn_1340,user_31,1474409.5,2025-07-02 21:44:09.720961,ID
txn_1341,user_1,4322283.5,2025-06-18 09:44:09.720961,ID
txn_1342,user_21,368652.32,2025-07-14 09:44:09.720961,ID
txn_1343,user_25,4233831.67,2025-07-01 18:44:09.720961,ID
txn_1344,user_46,371015.31,2025-07-16 02:44:09.720961,ID
txn_1345,user_38,1486114.89,2025-06-20 16:44:09.720961,ID
txn_1346,user_12,2370091.26,2025-06-22 11:44:09.720961,ID
txn_1347,user_6,3605440.28,2025-06-23 10:44:09.720961,ID
txn_1348,user_15,1398535.18,2025-07-01 05:44:09.720961,ID
txn_1349,user_40,4655110.1,2025-06-29 16:44:09.720961,ID
txn_1350,user_19,1519734.22,2025-06-19 18:44:09.720961,ID
txn_1351,user_17,4052164.68,2025-07-12 15:44:09.720961,ID
txn_1352,user_5,4679325.82,2025-07-09 15:44:09.720961,ID
txn_1353,user_5,4277752.07,2025-06-29 12:44:09.720961,ID
txn_1354,user_20,2252330.9,2025-06-30 02:44:09.720961,ID
txn_1355,user_20,2909320.51,2025-06-24 00:44:09.720961,ID
txn_1356,user_40,1944473.07,2025-07-10 09:44:09.720961,ID
txn_1357,user_37,2771546.92,2025-06-19 19:44:09.720961,ID
txn_1358,user_22,4703115.94,2025-06-23 23:44:09.720961,ID
txn_1359,user_26,1284605.04,2025-07-05 18:44:09.720961,ID
txn_1360,user_31,4479127.0,2025-06-20 12:44:09.720961,ID
txn_1361,user_46,1356662.66,2025-06-24 12:44:09.720961,ID
txn_1362,user_21,1899717.22,2025-06-29 10:44:09.720961,ID
txn_1363,user_19,1070493.91,2025-07-10 17:44:09.720961,ID
txn_1364,user_36,4420999.71,2025-07-14 23:44:09.720961,ID
txn_1365,user_8,437052.47,2025-07-16 17:44:09.720961,ID
txn_1366,user_6,1160288.08,2025-06-30 23:44:09.720961,ID
txn_1367,user_46,1992458.59,2025-06-28 07:44:09.720961,ID
txn_1368,user_47,1775565.74,2025-06-25 05:44:09.720961,ID
txn_1369,user_46,3763509.97,2025-06-19 02:44:09.720961,ID
txn_1370,user_47,3231825.64,2025-06-25 22:44:09.720961,ID
txn_1371,user_34,2207773.1,2025-06-21 07:44:09.720961,ID
txn_1372,user_41,4217352.47,2025-07-01 13:44:09.720961,ID
txn_1373,user_43,1013190.46,2025-06-26 03:44:09.720961,ID
txn_1374,user_10,302272.91,2025-06-23 07:44:09.720961,ID
txn_1375,user_29,1600607.87,2025-07-06 17:44:09.720961,ID
txn_1376,user_46,3008800.15,2025-07-11 14:44:09.720961,ID
txn_1377,user_19,1983096.97,2025-06-25 08:44:09.720961,ID
txn_1378,user_49,4582999.94,2025-06-17 22:44:09.720961,ID
txn_1379,user_42,1170334.34,2025-06-26 09:44:09.720961,ID
txn_1380,user_8,3881122.3,2025-06-29 16:44:09.720961,ID
txn_1381,user_14,4382722.64,2025-07-04 22:44:09.720961,ID
txn_1382,user_0,2180512.47,2025-07-03 19:44:09.720961,ID
txn_1383,user_44,1461472.13,2025-07-16 02:44:09.720961,ID
txn_1384,user_46,3221309.39,2025-06-28 17:44:09.720961,ID
txn_1385,user_24,560723.77,2025-06-19 05:44:09.720961,ID
txn_1386,user_45,30186.94,2025-07-06 18:44:09.720961,ID
txn_1387,user_26,1710094.1,2025-06-23 09:44:09.720961,ID
txn_1388,user_37,3065875.69,2025-06-22 19:44:09.720961,ID
txn_1389,user_39,2942300.83,2025-07-01 11:44:09.720961,ID
txn_1390,user_2,2538242.36,2025-07-10 10:44:09.720961,ID
txn_1391,user_13,1555829.42,2025-06-25 07:44:09.720961,ID
txn_1392,user_12,1111945.17,2025-07-07 13:44:09.720961,ID
txn_1393,user_33,152154.21,2025-06-21 02:44:09.720961,ID
txn_1394,user_41,634263.72,2025-07-04 22:44:09.720961,ID
txn_1395,user_34,2608380.43,2025-07-16 13:44:09.720961,ID
txn_1396,user_6,2061694.0,2025-06-24 14:44:09.720961,ID
txn_1397,user_26,3556428.01,2025-06-20 14:44:09.720961,ID
txn_1398,user_45,4048312.48,2025-07-13 22:44:09.720961,ID
txn_1399,user_9,1928509.48,2025-06-17 19:44:09.720961,ID
txn_1400,user_37,4416145.84,2025-06-23 07:44:09.720961,ID
txn_1401,user_48,969700.99,2025-06-20 16:44:09.720961,ID
txn_1402,user_8,1537008.56,2025-07-14 10:44:09.720961,ID
txn_1403,user_1,2773914.33,2025-07-09 16:44:09.720961,ID
txn_1404,user_8,540833.9,2025-07-11 06:44:09.720961,ID
txn_1405,user_25,885886.52,2025-06-29 22:44:09.720961,ID
txn_1406,user_37,3652889.04,2025-07-10 22:44:09.720961,ID
txn_1407,user_2,3175059.7,2025-06-29 19:44:09.720961,ID
txn_1408,user_47,1162366.52,2025-07-07 23:44:09.720961,ID
txn_1409,user_25,895983.99,2025-07-04 01:44:09.720961,ID
txn_1410,user_34,4390517.07,2025-06-30 00:44:09.720961,ID
txn_1411,user_30,4493616.67,2025-07-13 00:44:09.720961,ID
txn_1412,user_13,2966410.28,2025-06-22 13:44:09.720961,ID
txn_1413,user_46,1080563.75,2025-06-20 13:44:09.720961,ID
txn_1414,user_7,3807382.83,2025-06-29 08:44:09.720961,ID
txn_1415,user_10,4915276.9,2025-06-22 09:44:09.720961,ID
txn_1416,user_41,506424.95,2025-07-02 07:44:09.720961,ID
txn_1417,user_22,1068808.32,2025-07-01 23:44:09.720961,ID
txn_1418,user_8,1919383.05,2025-06-17 12:44:09.720961,ID
txn_1419,user_42,665434.27,2025-06-25 17:44:09.720961,ID
txn_1420,user_40,2026920.35,2025-06-20 21:44:09.720961,ID
txn_1421,user_31,1354536.47,2025-07-08 19:44:09.720961,ID
txn_1422,user_15,105747.73,2025-06-21 08:44:09.720961,ID
txn_1423,user_38,215480.45,2025-06-29 16:44:09.720961,ID
txn_1424,user_49,3748183.32,2025-07-16 06:44:09.720961,ID
txn_1425,user_23,3135594.62,2025-07-03 13:44:09.720961,ID
txn_1426,user_20,2185911.19,2025-07-11 11:44:09.720961,ID
txn_1427,user_13,3175445.01,2025-06-25 07:44:09.720961,ID
txn_1428,user_38,4603755.59,2025-07-12 05:44:09.720961,ID
txn_1429,user_11,3237379.03,2025-07-11 08:44:09.720961,ID
txn_1430,user_43,3508731.57,2025-07-15 12:44:09.720961,ID
txn_1431,user_11,1856910.54,2025-06-23 19:44:09.720961,ID
txn_1432,user_26,2768662.01,2025-07-11 07:44:09.720961,ID
txn_1433,user_35,2264411.93,2025-07-05 17:44:09.720961,ID
txn_1434,user_37,2933483.47,2025-07-16 12:44:09.720961,ID
txn_1435,user_3,1807217.8,2025-07-05 09:44:09.720961,ID
txn_1436,user_13,4210920.24,2025-06-19 03:44:09.720961,ID
txn_1437,user_21,4902781.44,2025-06-18 17:44:09.720961,ID
txn_1438,user_26,317145.34,2025-07-08 11:44:09.720961,ID
txn_1439,user_16,1205367.7,2025-07-14 06:44:09.720961,ID
txn_1440,user_33,2782859.85,2025-06-17 09:44:09.720961,ID
txn_1441,user_43,2265959.29,2025-06-28 11:44:09.720961,ID
txn_1442,user_0,1339306.41,2025-07-17 06:44:09.720961,ID
txn_1443,user_40,4848367.63,2025-07-16 08:44:09.720961,ID
txn_1444,user_15,1870054.67,2025-06-24 00:44:09.720961,ID
txn_1445,user_8,169314.78,2025-06-27 23:44:09.720961,ID
txn_1446,user_3,231059.76,2025-06-19 15:44:09.720961,ID
txn_1447,user_15,2529633.02,2025-06-20 10:44:09.720961,ID
txn_1448,user_24,3383779.6,2025-07-10 18:44:09.720961,ID
txn_1449,user_33,777011.57,2025-07-04 18:44:09.720961,ID
txn_1450,user_6,762887.74,2025-07-15 20:44:09.720961,ID
txn_1451,user_3,970736.1,2025-07-04 03:44:09.720961,ID
txn_1452,user_21,1537948.48,2025-07-02 02:44:09.720961,ID
txn_1453,user_41,509917.75,2025-06-22 17:44:09.720961,ID
txn_1454,user_35,600314.2,2025-07-12 05:44:09.720961,ID
txn_1455,user_8,2858147.15,2025-06-24 00:44:09.720961,ID
txn_1456,user_22,4418770.18,2025-07-14 04:44:09.720961,ID
txn_1457,user_10,1335522.55,2025-07-04 00:44:09.720961,ID
txn_1458,user_10,2906080.3,2025-07-13 16:44:09.720961,ID
txn_1459,user_39,355878.21,2025-06-19 13:44:09.720961,ID
txn_1460,user_18,1573850.64,2025-07-07 22:44:09.720961,ID
txn_1461,user_0,2663478.56,2025-07-01 07:44:09.720961,ID
txn_1462,user_35,1163486.27,2025-06-27 04:44:09.720961,ID
txn_1463,user_46,4306916.93,2025-07-13 16:44:09.720961,ID
txn_1464,user_47,4124913.94,2025-06-29 00:44:09.720961,ID
txn_1465,user_24,4032346.54,2025-07-05 04:44:09.720961,ID
txn_1466,user_35,737925.47,2025-07-16 01:44:09.720961,ID
txn_1467,user_22,429423.93,2025-07-04 00:44:09.720961,ID
txn_1468,user_39,1460108.77,2025-06-22 07:44:09.720961,ID
txn_1469,user_8,51570.95,2025-06-28 05:44:09.720961,ID
txn_1470,user_49,4159627.44,2025-06-22 15:44:09.720961,ID
txn_1471,user_19,4823355.02,2025-07-10 15:44:09.720961,ID
txn_1472,user_49,4701174.19,2025-07-06 15:44:09.720961,ID
txn_1473,user_26,476551.53,2025-06-23 23:44:09.720961,ID
txn_1474,user_42,567229.01,2025-07-01 03:44:09.720961,ID
txn_1475,user_38,1631558.85,2025-07-01 12:44:09.720961,ID
txn_1476,user_33,851032.67,2025-07-08 14:44:09.720961,ID
txn_1477,user_16,1319727.63,2025-06-24 22:44:09.720961,ID
txn_1478,user_34,2875415.68,2025-06-17 23:44:09.720961,ID
txn_1479,user_16,4481945.84,2025-07-05 19:44:09.720961,ID
txn_1480,user_32,2935264.83,2025-06-23 06:44:09.720961,ID
txn_1481,user_20,971564.51,2025-06-21 21:44:09.720961,ID
txn_1482,user_10,4538944.34,2025-06-23 08:44:09.720961,ID
txn_1483,user_33,4805423.13,2025-06-19 19:44:09.720961,ID
txn_1484,user_39,2754197.36,2025-06-29 22:44:09.720961,ID
txn_1485,user_46,3309134.7,2025-06-29 00:44:09.720961,ID
txn_1486,user_1,1200068.79,2025-06-26 18:44:09.720961,ID
txn_1487,user_16,620128.82,2025-06-29 05:44:09.720961,ID
txn_1488,user_31,941259.31,2025-07-05 02:44:09.720961,ID
txn_1489,user_25,4871574.88,2025-07-02 19:44:09.720961,ID
txn_1490,user_30,4587933.88,2025-07-07 17:44:09.720961,ID
txn_1491,user_38,3484858.74,2025-06-23 20:44:09.720961,ID
txn_1492,user_34,538317.54,2025-06-26 01:44:09.720961,ID
txn_1493,user_20,724099.03,2025-07-02 14:44:09.720961,ID
txn_1494,user_34,191609.85,2025-06-20 22:44:09.720961,ID
txn_1495,user_28,461863.51,2025-07-07 09:44:09.720961,ID
txn_1496,user_15,1104137.3,2025-07-10 08:44:09.720961,ID
txn_1497,user_10,4930937.81,2025-07-05 06:44:09.720961,ID
txn_1498,user_16,1047815.64,2025-06-25 21:44:09.720961,ID
txn_1499,user_27,4270888.31,2025-06-23 16:44:09.720961,ID
txn_1500,user_44,3869646.92,2025-07-09 22:44:09.720961,ID
txn_1501,user_47,3319106.26,2025-06-21 22:44:09.720961,ID
txn_1502,user_9,4564067.86,2025-06-22 03:44:09.720961,ID
txn_1503,user_12,4024018.41,2025-07-13 10:44:09.720961,ID
txn_1504,user_9,4254905.66,2025-07-01 11:44:09.720961,ID
txn_1505,user_21,1881467.37,2025-06-17 09:44:09.720961,ID
txn_1506,user_20,911704.74,2025-07-12 14:44:09.720961,ID
txn_1507,user_25,552995.64,2025-06-22 00:44:09.720961,ID
txn_1508,user_34,1647671.6,2025-06-23 11:44:09.720961,ID
txn_1509,user_7,576647.77,2025-07-05 17:44:09.720961,ID
txn_1510,user_4,2029388.0,2025-07-12 08:44:09.720961,ID
txn_1511,user_6,972800.11,2025-06-29 08:44:09.720961,ID
txn_1512,user_10,3372162.94,2025-06-19 03:44:09.720961,ID
txn_1513,user_18,3819868.77,2025-06-18 17:44:09.720961,ID
txn_1514,user_19,1847022.07,2025-06-22 06:44:09.720961,ID
txn_1515,user_19,1388034.12,2025-07-11 02:44:09.720961,ID
txn_1516,user_6,3781040.54,2025-07-08 03:44:09.720961,ID
txn_1517,user_9,1906361.64,2025-07-01 02:44:09.720961,ID
txn_1518,user_13,1728636.05,2025-07-13 10:44:09.720961,ID
txn_1519,user_10,889621.14,2025-06-28 17:44:09.720961,ID
txn_1520,user_30,4586170.02,2025-07-03 21:44:09.720961,ID
txn_1521,user_27,1118545.19,2025-06-20 14:44:09.720961,ID
txn_1522,user_7,3919996.01,2025-07-17 03:44:09.720961,ID
txn_1523,user_18,4551190.2,2025-07-02 06:44:09.720961,ID
txn_1524,user_4,111094.9,2025-06-20 13:44:09.720961,ID
txn_1525,user_43,3382816.26,2025-06-22 02:44:09.720961,ID
txn_1526,user_3,3754653.03,2025-07-08 14:44:09.720961,ID
txn_1527,user_7,2002865.86,2025-07-01 06:44:09.720961,ID
txn_1528,user_20,2037930.74,2025-07-07 10:44:09.720961,ID
txn_1529,user_3,4655932.82,2025-07-01 13:44:09.720961,ID
txn_1530,user_42,3669312.14,2025-06-24 09:44:09.720961,ID
txn_1531,user_37,2155948.12,2025-06-24 19:44:09.720961,ID
txn_1532,user_40,1908404.88,2025-07-12 11:44:09.720961,ID
txn_1533,user_20,4073918.45,2025-06-24 16:44:09.720961,ID
txn_1534,user_4,1767739.29,2025-06-25 10:44:09.720961,ID
txn_1535,user_46,3940597.83,2025-06-24 10:44:09.720961,ID
txn_1536,user_47,2909839.0,2025-06-22 01:44:09.720961,ID
txn_1537,user_8,46388.8,2025-06-27 21:44:09.720961,ID
txn_1538,user_28,2385101.75,2025-06-24 20:44:09.720961,ID
txn_1539,user_8,3363170.95,2025-06-27 07:44:09.720961,ID
txn_1540,user_27,1850341.49,2025-07-10 03:44:09.720961,ID
txn_1541,user_0,1335941.29,2025-07-06 12:44:09.720961,ID
txn_1542,user_38,4911546.04,2025-06-23 10:44:09.720961,ID
txn_1543,user_33,2352835.29,2025-07-11 22:44:09.720961,ID
txn_1544,user_24,1992043.78,2025-07-15 15:44:09.720961,ID
txn_1545,user_29,4444019.7,2025-06-25 03:44:09.720961,ID
txn_1546,user_23,4693406.88,2025-07-06 04:44:09.720961,ID
txn_1547,user_10,3505563.63,2025-06-24 11:44:09.720961,ID
txn_1548,user_19,3758083.3,2025-06-19 20:44:09.720961,ID
txn_1549,user_6,1512338.9,2025-06-17 22:44:09.720961,ID
txn_1550,user_20,4107601.92,2025-07-15 11:44:09.720961,ID
txn_1551,user_17,2237455.86,2025-06-24 13:44:09.720961,ID
txn_1552,user_11,4481448.69,2025-07-03 10:44:09.720961,ID
txn_1553,user_40,310196.69,2025-06-30 09:44:09.720961,ID
txn_1554,user_28,2752984.31,2025-06-23 02:44:09.720961,ID
txn_1555,user_5,2989405.48,2025-06-25 12:44:09.720961,ID
txn_1556,user_11,1347169.03,2025-07-09 04:44:09.720961,ID
txn_1557,user_42,2079356.31,2025-07-05 07:44:09.720961,ID
txn_1558,user_19,2622975.2,2025-07-14 02:44:09.720961,ID
txn_1559,user_45,4434513.57,2025-07-06 06:44:09.720961,ID
txn_1560,user_43,2047980.69,2025-07-12 07:44:09.720961,ID
txn_1561,user_4,803668.24,2025-06-17 13:44:09.720961,ID
txn_1562,user_1,2943023.3,2025-06-27 03:44:09.720961,ID
txn_1563,user_19,4837710.52,2025-06-28 14:44:09.720961,ID
txn_1564,user_38,1536515.04,2025-07-14 20:44:09.720961,ID
txn_1565,user_14,418795.38,2025-06-25 00:44:09.720961,ID
txn_1566,user_30,1181230.43,2025-07-16 04:44:09.720961,ID
txn_1567,user_18,1541386.36,2025-07-15 16:44:09.720961,ID
txn_1568,user_30,548223.0,2025-07-08 12:44:09.720961,ID
txn_1569,user_24,3719495.54,2025-07-02 10:44:09.720961,ID
txn_1570,user_31,3188335.12,2025-06-27 11:44:09.720961,ID
txn_1571,user_15,4696177.16,2025-06-19 07:44:09.720961,ID
txn_1572,user_39,3352583.6,2025-06-29 07:44:09.720961,ID
txn_1573,user_48,1868575.53,2025-07-16 12:44:09.720961,ID
txn_1574,user_13,1512108.58,2025-06-21 00:44:09.720961,ID
txn_1575,user_8,666402.89,2025-06-19 19:44:09.720961,ID
txn_1576,user_3,4002557.65,2025-07-08 15:44:09.720961,ID
txn_1577,user_27,3213650.53,2025-06-19 05:44:09.720961,ID
txn_1578,user_8,2261817.19,2025-07-05 20:44:09.720961,ID
txn_1579,user_17,4468328.76,2025-07-11 14:44:09.720961,ID
txn_1580,user_31,3784959.58,2025-06-26 07:44:09.720961,ID
txn_1581,user_38,4532042.88,2025-07-09 18:44:09.720961,ID
txn_1582,user_28,3481749.65,2025-06-22 19:44:09.720961,ID
txn_1583,user_13,2398056.16,2025-07-02 09:44:09.720961,ID
txn_1584,user_47,909514.61,2025-07-16 04:44:09.720961,ID
txn_1585,user_22,3424884.27,2025-07-06 09:44:09.720961,ID
txn_1586,user_2,476031.28,2025-07-05 15:44:09.720961,ID
txn_1587,user_37,4033155.19,2025-07-17 08:44:09.720961,ID
txn_1588,user_1,1023050.15,2025-07-17 08:44:09.720961,ID
txn_1589,user_20,4592595.95,2025-07-10 16:44:09.720961,ID
txn_1590,user_28,2441491.23,2025-07-13 09:44:09.720961,ID
txn_1591,user_0,3674182.43,2025-07-11 23:44:09.720961,ID
txn_1592,user_23,3852706.74,2025-07-11 22:44:09.720961,ID
txn_1593,user_15,1490425.13,2025-07-11 07:44:09.720961,ID
txn_1594,user_0,1417673.85,2025-06-24 08:44:09.720961,ID
txn_1595,user_2,2651613.9,2025-07-02 09:44:09.720961,ID
txn_1596,user_38,2218347.46,2025-07-04 06:44:09.720961,ID
txn_1597,user_9,4010839.11,2025-07-13 08:44:09.720961,ID
txn_1598,user_44,3324796.42,2025-07-16 10:44:09.720961,ID
txn_1599,user_31,1855618.27,2025-07-10 12:44:09.720961,ID
txn_1600,user_35,1045066.44,2025-07-15 10:44:09.720961,ID
txn_1601,user_37,1304605.97,2025-07-03 06:44:09.720961,ID
txn_1602,user_39,1787827.6,2025-07-07 16:44:09.720961,ID
txn_1603,user_38,3697679.15,2025-06-25 11:44:09.720961,ID
txn_1604,user_37,4200149.18,2025-07-03 22:44:09.720961,ID
txn_1605,user_43,4604715.49,2025-07-16 06:44:09.720961,ID
txn_1606,user_37,2211440.13,2025-06-25 06:44:09.720961,ID
txn_1607,user_2,4467346.41,2025-07-06 15:44:09.720961,ID
txn_1608,user_42,4575325.62,2025-06-30 18:44:09.720961,ID
txn_1609,user_48,2025387.8,2025-07-12 23:44:09.720961,ID
txn_1610,user_33,2425433.45,2025-06-29 19:44:09.720961,ID
txn_1611,user_5,3245839.36,2025-07-13 03:44:09.720961,ID
txn_1612,user_26,2543485.08,2025-06-25 20:44:09.720961,ID
txn_1613,user_32,3348139.28,2025-06-28 15:44:09.720961,ID
txn_1614,user_26,438433.51,2025-06-21 11:44:09.720961,ID
txn_1615,user_29,235765.6,2025-07-11 01:44:09.720961,ID
txn_1616,user_14,4699416.62,2025-07-03 19:44:09.720961,ID
txn_1617,user_49,3571345.74,2025-07-14 20:44:09.720961,ID
txn_1618,user_34,4008988.98,2025-07-14 08:44:09.720961,ID
txn_1619,user_40,75808.09,2025-07-04 09:44:09.720961,ID
txn_1620,user_39,2837848.32,2025-07-05 18:44:09.720961,ID
txn_1621,user_35,3943282.15,2025-06-30 08:44:09.720961,ID
txn_1622,user_30,4012359.6,2025-06-19 12:44:09.720961,ID
txn_1623,user_47,453276.72,2025-07-06 02:44:09.720961,ID
txn_1624,user_28,2324626.17,2025-07-09 23:44:09.720961,ID
txn_1625,user_36,2470195.75,2025-07-06 23:44:09.720961,ID
txn_1626,user_21,2098886.92,2025-06-23 22:44:09.720961,ID
txn_1627,user_1,4323851.23,2025-07-15 05:44:09.720961,ID
txn_1628,user_40,4369380.3,2025-06-23 19:44:09.720961,ID
txn_1629,user_2,675370.03,2025-07-12 18:44:09.720961,ID
txn_1630,user_2,3172715.37,2025-07-10 07:44:09.720961,ID
txn_1631,user_19,46432.75,2025-07-08 20:44:09.720961,ID
txn_1632,user_20,27124.8,2025-07-04 15:44:09.720961,ID
txn_1633,user_9,2524496.11,2025-07-17 04:44:09.720961,ID
txn_1634,user_47,4029810.85,2025-07-02 04:44:09.720961,ID
txn_1635,user_6,3274572.96,2025-07-14 17:44:09.720961,ID
txn_1636,user_24,2918989.02,2025-07-11 12:44:09.720961,ID
txn_1637,user_3,2605590.03,2025-06-20 16:44:09.720961,ID
txn_1638,user_2,1857415.69,2025-07-07 19:44:09.720961,ID
txn_1639,user_6,1420196.31,2025-06-20 04:44:09.720961,ID
txn_1640,user_0,2559086.02,2025-06-27 07:44:09.720961,ID
txn_1641,user_43,2200176.41,2025-06-23 00:44:09.720961,ID
txn_1642,user_35,335484.63,2025-07-08 01:44:09.720961,ID
txn_1643,user_43,3128738.83,2025-07-17 05:44:09.720961,ID
txn_1644,user_37,3470712.04,2025-07-12 14:44:09.720961,ID
txn_1645,user_11,1600840.06,2025-07-14 07:44:09.720961,ID
txn_1646,user_19,69366.06,2025-06-27 08:44:09.720961,ID
txn_1647,user_9,4680580.3,2025-06-27 06:44:09.720961,ID
txn_1648,user_7,3903543.57,2025-06-18 02:44:09.720961,ID
txn_1649,user_43,456490.77,2025-07-06 06:44:09.720961,ID
txn_1650,user_4,137274.0,2025-07-12 05:44:09.720961,ID
txn_1651,user_48,3785544.44,2025-06-24 02:44:09.720961,ID
txn_1652,user_24,549045.42,2025-07-08 18:44:09.720961,ID
txn_1653,user_41,436820.62,2025-07-14 07:44:09.720961,ID
txn_1654,user_39,1687685.78,2025-07-03 02:44:09.720961,ID
txn_1655,user_28,2512592.9,2025-06-30 14:44:09.720961,ID
txn_1656,user_35,539049.69,2025-07-14 11:44:09.720961,ID
txn_1657,user_44,1090945.96,2025-07-06 11:44:09.720961,ID
txn_1658,user_21,2398937.83,2025-06-23 11:44:09.720961,ID
txn_1659,user_48,736822.76,2025-06-22 03:44:09.720961,ID
txn_1660,user_41,1249028.18,2025-06-30 20:44:09.720961,ID
txn_1661,user_36,1087665.04,2025-07-15 11:44:09.720961,ID
txn_1662,user_1,1398870.81,2025-07-14 21:44:09.720961,ID
txn_1663,user_32,575193.17,2025-07-12 00:44:09.720961,ID
txn_1664,user_21,4876743.98,2025-06-26 21:44:09.720961,ID
txn_1665,user_44,3533430.43,2025-07-10 21:44:09.720961,ID
txn_1666,user_17,3955761.73,2025-07-15 01:44:09.720961,ID
txn_1667,user_11,4480874.4,2025-06-23 09:44:09.720961,ID
txn_1668,user_9,3640576.53,2025-06-25 22:44:09.720961,ID
txn_1669,user_25,1244855.19,2025-06-21 06:44:09.720961,ID
txn_1670,user_0,602777.92,2025-07-09 02:44:09.720961,ID
txn_1671,user_42,3090046.98,2025-07-16 21:44:09.720961,ID
txn_1672,user_6,4938549.83,2025-06-24 07:44:09.720961,ID
txn_1673,user_16,4481658.53,2025-07-04 04:44:09.720961,ID
txn_1674,user_28,3260080.08,2025-06-20 06:44:09.720961,ID
txn_1675,user_28,2752428.86,2025-06-29 17:44:09.720961,ID
txn_1676,user_9,3284698.61,2025-06-28 23:44:09.720961,ID
txn_1677,user_40,2219926.64,2025-07-03 14:44:09.720961,ID
txn_1678,user_46,4446197.65,2025-06-22 20:44:09.720961,ID
txn_1679,user_39,131588.98,2025-06-29 07:44:09.720961,ID
txn_1680,user_40,4565575.06,2025-06-22 08:44:09.720961,ID
txn_1681,user_29,4130104.57,2025-07-14 06:44:09.720961,ID
txn_1682,user_19,1729441.25,2025-07-05 21:44:09.720961,ID
txn_1683,user_30,3823214.62,2025-06-21 13:44:09.720961,ID
txn_1684,user_42,2334672.55,2025-07-05 21:44:09.720961,ID
txn_1685,user_15,1896067.87,2025-07-04 04:44:09.720961,ID
txn_1686,user_39,1692610.51,2025-07-02 08:44:09.720961,ID
txn_1687,user_30,2366353.07,2025-07-07 02:44:09.720961,ID
txn_1688,user_3,57010.58,2025-06-30 19:44:09.720961,ID
txn_1689,user_39,2878932.22,2025-06-21 18:44:09.720961,ID
txn_1690,user_38,2054310.71,2025-07-04 15:44:09.720961,ID
txn_1691,user_16,3712583.15,2025-07-08 21:44:09.720961,ID
txn_1692,user_11,1450321.42,2025-06-20 00:44:09.720961,ID
txn_1693,user_3,2379309.22,2025-07-03 13:44:09.720961,ID
txn_1694,user_3,3096860.33,2025-07-01 22:44:09.720961,ID
txn_1695,user_26,3429895.5,2025-07-01 03:44:09.720961,ID
txn_1696,user_34,4012791.6,2025-06-23 23:44:09.720961,ID
txn_1697,user_15,2684410.1,2025-07-13 07:44:09.720961,ID
txn_1698,user_5,264901.02,2025-06-27 16:44:09.720961,ID
txn_1699,user_44,2163203.03,2025-06-29 21:44:09.720961,ID
txn_1700,user_14,923985.45,2025-06-29 09:44:09.720961,ID
txn_1701,user_15,959381.07,2025-06-17 22:44:09.720961,ID
txn_1702,user_25,1889905.51,2025-06-26 07:44:09.720961,ID
txn_1703,user_27,894870.15,2025-07-01 22:44:09.720961,ID
txn_1704,user_2,1972517.38,2025-06-24 09:44:09.720961,ID
txn_1705,user_42,2351345.6,2025-06-29 05:44:09.720961,ID
txn_1706,user_32,1122339.75,2025-06-19 07:44:09.720961,ID
txn_1707,user_1,363561.64,2025-07-16 01:44:09.720961,ID
txn_1708,user_4,3863350.66,2025-07-03 01:44:09.720961,ID
txn_1709,user_21,483242.33,2025-06-29 05:44:09.720961,ID
txn_1710,user_34,4125171.57,2025-07-05 15:44:09.720961,ID
txn_1711,user_41,3641873.15,2025-07-05 18:44:09.720961,ID
txn_1712,user_15,2142609.41,2025-06-27 13:44:09.720961,ID
txn_1713,user_38,1214491.76,2025-07-11 21:44:09.720961,ID
txn_1714,user_14,2419219.38,2025-07-07 00:44:09.720961,ID
txn_1715,user_45,1193475.52,2025-07-05 19:44:09.720961,ID
txn_1716,user_46,1387539.83,2025-07-12 13:44:09.720961,ID
txn_1717,user_47,3313503.11,2025-06-29 13:44:09.720961,ID
txn_1718,user_41,1781454.33,2025-07-03 06:44:09.720961,ID
txn_1719,user_42,1281118.54,2025-07-01 06:44:09.720961,ID
txn_1720,user_24,4537179.83,2025-07-10 06:44:09.720961,ID
txn_1721,user_13,3524614.32,2025-07-03 02:44:09.720961,ID
txn_1722,user_34,969962.04,2025-07-09 16:44:09.720961,ID
txn_1723,user_44,3640034.82,2025-06-30 03:44:09.720961,ID
txn_1724,user_11,286851.22,2025-07-10 22:44:09.720961,ID
txn_1725,user_22,131320.55,2025-06-20 12:44:09.720961,ID
txn_1726,user_24,4201423.13,2025-07-05 08:44:09.720961,ID
txn_1727,user_8,1453789.29,2025-06-19 04:44:09.720961,ID
txn_1728,user_7,344791.81,2025-06-17 12:44:09.720961,ID
txn_1729,user_12,4115751.1,2025-07-05 22:44:09.720961,ID
txn_1730,user_8,4707489.01,2025-07-13 02:44:09.720961,ID
txn_1731,user_20,3068232.57,2025-07-05 22:44:09.720961,ID
txn_1732,user_9,1812416.71,2025-06-30 14:44:09.720961,ID
txn_1733,user_42,1744216.44,2025-06-25 18:44:09.720961,ID
txn_1734,user_8,3873491.05,2025-06-27 02:44:09.720961,ID
txn_1735,user_19,1624095.04,2025-07-11 07:44:09.720961,ID
txn_1736,user_16,1260896.8,2025-07-03 04:44:09.720961,ID
txn_1737,user_39,608854.14,2025-07-12 10:44:09.720961,ID
txn_1738,user_29,95779.97,2025-06-19 02:44:09.720961,ID
txn_1739,user_15,3570272.93,2025-07-15 08:44:09.720961,ID
txn_1740,user_28,4075876.19,2025-06-30 04:44:09.720961,ID
txn_1741,user_14,4386591.03,2025-07-13 05:44:09.720961,ID
txn_1742,user_49,1199193.31,2025-07-03 06:44:09.720961,ID
txn_1743,user_45,3172952.84,2025-07-01 14:44:09.720961,ID
txn_1744,user_29,1593242.79,2025-07-03 21:44:09.720961,ID
txn_1745,user_26,2401781.52,2025-06-23 20:44:09.720961,ID
txn_1746,user_45,3632362.61,2025-07-06 14:44:09.720961,ID
txn_1747,user_33,2683144.19,2025-06-30 02:44:09.720961,ID
txn_1748,user_43,227085.95,2025-06-23 17:44:09.720961,ID
txn_1749,user_16,2063355.51,2025-06-28 07:44:09.720961,ID
txn_1750,user_24,763328.23,2025-06-21 19:44:09.720961,ID
txn_1751,user_19,4763190.42,2025-07-12 14:44:09.720961,ID
txn_1752,user_12,1962208.94,2025-07-07 04:44:09.720961,ID
txn_1753,user_47,3090344.65,2025-06-22 11:44:09.720961,ID
txn_1754,user_31,3455876.36,2025-06-19 05:44:09.720961,ID
txn_1755,user_47,2535458.03,2025-07-01 16:44:09.720961,ID
txn_1756,user_7,4257546.33,2025-07-11 16:44:09.720961,ID
txn_1757,user_42,4992152.23,2025-07-03 11:44:09.720961,ID
txn_1758,user_13,1032026.68,2025-07-16 07:44:09.720961,ID
txn_1759,user_5,4926207.55,2025-06-21 13:44:09.720961,ID
txn_1760,user_22,1411373.01,2025-07-10 01:44:09.720961,ID
txn_1761,user_47,1490902.05,2025-06-29 04:44:09.720961,ID
txn_1762,user_2,3287024.6,2025-07-06 05:44:09.720961,ID
txn_1763,user_17,3716318.98,2025-07-15 18:44:09.720961,ID
txn_1764,user_26,4218024.72,2025-06-21 04:44:09.720961,ID
txn_1765,user_13,4879479.69,2025-06-24 13:44:09.720961,ID
txn_1766,user_34,332279.93,2025-06-24 03:44:09.720961,ID
txn_1767,user_24,3688912.89,2025-07-16 07:44:09.720961,ID
txn_1768,user_39,2675109.02,2025-07-09 22:44:09.720961,ID
txn_1769,user_28,2237197.5,2025-06-29 19:44:09.720961,ID
txn_1770,user_19,569700.74,2025-07-09 22:44:09.720961,ID
txn_1771,user_33,291340.09,2025-07-15 06:44:09.720961,ID
txn_1772,user_24,4071125.68,2025-06-23 15:44:09.720961,ID
txn_1773,user_30,4697572.08,2025-07-09 22:44:09.720961,ID
txn_1774,user_45,1409901.29,2025-06-28 14:44:09.720961,ID
txn_1775,user_43,2848671.74,2025-06-18 16:44:09.720961,ID
txn_1776,user_8,3135941.45,2025-07-01 23:44:09.720961,ID
txn_1777,user_36,1205936.19,2025-07-11 10:44:09.720961,ID
txn_1778,user_47,2429968.95,2025-06-17 17:44:09.720961,ID
txn_1779,user_42,3316863.76,2025-06-21 20:44:09.720961,ID
txn_1780,user_33,4421092.43,2025-06-29 05:44:09.720961,ID
txn_1781,user_24,3596273.2,2025-07-03 12:44:09.720961,ID
txn_1782,user_25,4658716.48,2025-07-03 15:44:09.720961,ID
txn_1783,user_35,1095138.09,2025-07-03 21:44:09.720961,ID
txn_1784,user_28,4974291.29,2025-07-09 20:44:09.720961,ID
txn_1785,user_41,4058059.84,2025-06-25 08:44:09.720961,ID
txn_1786,user_28,1871622.93,2025-06-29 20:44:09.720961,ID
txn_1787,user_23,4199656.71,2025-06-23 00:44:09.720961,ID
txn_1788,user_21,975761.43,2025-06-22 12:44:09.720961,ID
txn_1789,user_43,2742048.66,2025-06-29 19:44:09.720961,ID
txn_1790,user_12,3034233.03,2025-06-26 08:44:09.720961,ID
txn_1791,user_6,2363176.71,2025-06-24 08:44:09.720961,ID
txn_1792,user_47,3720625.29,2025-07-13 00:44:09.720961,ID
txn_1793,user_5,3275514.0,2025-07-07 20:44:09.720961,ID
txn_1794,user_21,268547.72,2025-07-16 03:44:09.720961,ID
txn_1795,user_19,2887152.79,2025-07-09 18:44:09.720961,ID
txn_1796,user_0,2584032.64,2025-07-02 15:44:09.720961,ID
txn_1797,user_39,54558.75,2025-07-08 11:44:09.720961,ID
txn_1798,user_26,4586736.59,2025-06-23 11:44:09.720961,ID
txn_1799,user_28,1603216.02,2025-06-27 15:44:09.720961,ID
txn_1800,user_2,4022617.69,2025-06-30 16:44:09.720961,ID
txn_1801,user_26,3138416.63,2025-07-15 02:44:09.720961,ID
txn_1802,user_11,3691956.95,2025-07-02 04:44:09.720961,ID
txn_1803,user_21,4286376.23,2025-06-22 14:44:09.720961,ID
txn_1804,user_36,3490411.33,2025-06-20 10:44:09.720961,ID
txn_1805,user_26,3945491.27,2025-07-08 06:44:09.720961,ID
txn_1806,user_48,3764033.68,2025-07-12 01:44:09.720961,ID
txn_1807,user_35,4889639.6,2025-06-18 15:44:09.720961,ID
txn_1808,user_48,2544786.73,2025-07-17 07:44:09.720961,ID
txn_1809,user_12,2648191.67,2025-06-24 12:44:09.720961,ID
txn_1810,user_34,2726786.86,2025-07-13 22:44:09.720961,ID
txn_1811,user_34,968965.51,2025-06-17 23:44:09.720961,ID
txn_1812,user_16,1706025.65,2025-07-02 20:44:09.720961,ID
txn_1813,user_37,888553.46,2025-07-08 05:44:09.720961,ID
txn_1814,user_20,1183632.37,2025-06-24 20:44:09.720961,ID
txn_1815,user_33,3021907.12,2025-07-05 18:44:09.720961,ID
txn_1816,user_17,4310025.76,2025-07-10 19:44:09.720961,ID
txn_1817,user_46,1673432.02,2025-06-17 15:44:09.720961,ID
txn_1818,user_30,2673415.7,2025-07-14 17:44:09.720961,ID
txn_1819,user_1,1070294.51,2025-06-18 01:44:09.720961,ID
txn_1820,user_11,3258695.65,2025-07-04 07:44:09.720961,ID
txn_1821,user_14,1642939.6,2025-07-16 03:44:09.720961,ID
txn_1822,user_5,960700.5,2025-07-01 06:44:09.720961,ID
txn_1823,user_33,442842.54,2025-06-29 08:44:09.720961,ID
txn_1824,user_44,12146.11,2025-07-11 13:44:09.720961,ID
txn_1825,user_45,1152622.91,2025-07-06 00:44:09.720961,ID
txn_1826,user_14,2978584.68,2025-06-19 04:44:09.720961,ID
txn_1827,user_47,4749726.65,2025-07-02 12:44:09.720961,ID
txn_1828,user_40,221154.5,2025-06-20 15:44:09.720961,ID
txn_1829,user_30,3927900.73,2025-06-28 02:44:09.720961,ID
txn_1830,user_47,303270.34,2025-07-03 00:44:09.720961,ID
txn_1831,user_22,3922575.91,2025-07-16 18:44:09.720961,ID
txn_1832,user_20,4359543.55,2025-06-28 19:44:09.720961,ID
txn_1833,user_1,3005283.8,2025-06-22 00:44:09.720961,ID
txn_1834,user_36,2632969.55,2025-06-20 18:44:09.720961,ID
txn_1835,user_30,4483484.33,2025-07-07 21:44:09.720961,ID
txn_1836,user_5,1116931.04,2025-06-28 02:44:09.720961,ID
txn_1837,user_42,3741633.29,2025-06-19 17:44:09.720961,ID
txn_1838,user_32,4169953.29,2025-07-02 07:44:09.720961,ID
txn_1839,user_4,3326861.97,2025-06-23 07:44:09.720961,ID
txn_1840,user_4,1725770.49,2025-06-24 18:44:09.720961,ID
txn_1841,user_47,2481188.93,2025-07-13 11:44:09.720961,ID
txn_1842,user_14,428940.83,2025-07-07 00:44:09.720961,ID
txn_1843,user_21,3958750.78,2025-07-05 16:44:09.720961,ID
txn_1844,user_31,2966369.24,2025-06-20 10:44:09.720961,ID
txn_1845,user_8,930847.13,2025-06-29 10:44:09.720961,ID
txn_1846,user_12,389987.68,2025-06-21 04:44:09.720961,ID
txn_1847,user_17,384823.05,2025-07-03 04:44:09.720961,ID
txn_1848,user_15,691723.68,2025-07-13 08:44:09.720961,ID
txn_1849,user_41,571716.86,2025-07-05 10:44:09.720961,ID
txn_1850,user_40,3707558.77,2025-06-23 19:44:09.720961,ID
txn_1851,user_10,1455529.09,2025-06-23 12:44:09.720961,ID
txn_1852,user_4,2293857.17,2025-06-30 13:44:09.720961,ID
txn_1853,user_30,4061566.17,2025-07-11 10:44:09.720961,ID
txn_1854,user_22,3837927.58,2025-07-13 22:44:09.720961,ID
txn_1855,user_38,3084184.13,2025-06-24 09:44:09.720961,ID
txn_1856,user_28,4872256.24,2025-07-12 06:44:09.720961,ID
txn_1857,user_30,2411239.76,2025-06-23 00:44:09.720961,ID
txn_1858,user_7,1942038.58,2025-06-27 08:44:09.720961,ID
txn_1859,user_29,2722110.29,2025-06-19 08:44:09.720961,ID
txn_1860,user_0,2953583.76,2025-07-13 18:44:09.720961,ID
txn_1861,user_46,4498013.87,2025-07-10 15:44:09.720961,ID
txn_1862,user_27,4085987.73,2025-07-01 00:44:09.720961,ID
txn_1863,user_38,1374085.36,2025-07-08 11:44:09.720961,ID
txn_1864,user_9,734209.22,2025-07-09 00:44:09.720961,ID
txn_1865,user_0,790090.62,2025-07-14 10:44:09.720961,ID
txn_1866,user_37,3916531.53,2025-06-24 17:44:09.720961,ID
txn_1867,user_47,3091261.8,2025-07-16 15:44:09.720961,ID
txn_1868,user_24,2893245.09,2025-06-19 03:44:09.720961,ID
txn_1869,user_29,4965382.48,2025-07-16 02:44:09.720961,ID
txn_1870,user_36,3479742.43,2025-07-07 19:44:09.720961,ID
txn_1871,user_0,3384722.99,2025-07-04 12:44:09.720961,ID
txn_1872,user_44,3148861.16,2025-06-21 11:44:09.720961,ID
txn_1873,user_12,3712667.87,2025-07-16 15:44:09.720961,ID
txn_1874,user_37,2352865.97,2025-07-01 21:44:09.720961,ID
txn_1875,user_23,991304.44,2025-07-01 09:44:09.720961,ID
txn_1876,user_14,3370652.55,2025-06-21 07:44:09.720961,ID
txn_1877,user_33,1039540.87,2025-06-25 09:44:09.720961,ID
txn_1878,user_43,3969627.64,2025-07-13 21:44:09.720961,ID
txn_1879,user_11,2258564.75,2025-07-12 23:44:09.720961,ID
txn_1880,user_40,1877810.68,2025-06-22 11:44:09.720961,ID
txn_1881,user_31,4885311.31,2025-07-13 05:44:09.720961,ID
txn_1882,user_41,4639674.58,2025-07-15 05:44:09.720961,ID
txn_1883,user_15,2632833.53,2025-06-22 10:44:09.720961,ID
txn_1884,user_1,4679789.41,2025-07-09 04:44:09.720961,ID
txn_1885,user_31,4661695.5,2025-06-26 22:44:09.720961,ID
txn_1886,user_19,1104813.83,2025-07-01 01:44:09.720961,ID
txn_1887,user_25,4986818.11,2025-07-08 08:44:09.720961,ID
txn_1888,user_43,4282571.93,2025-06-21 20:44:09.720961,ID
txn_1889,user_21,1484861.45,2025-06-29 10:44:09.720961,ID
txn_1890,user_23,1934009.42,2025-07-09 15:44:09.720961,ID
txn_1891,user_9,4782046.22,2025-06-26 12:44:09.720961,ID
txn_1892,user_14,3430826.15,2025-07-04 10:44:09.720961,ID
txn_1893,user_13,1310472.85,2025-07-08 04:44:09.720961,ID
txn_1894,user_19,4423185.38,2025-07-16 05:44:09.720961,ID
txn_1895,user_37,3817766.62,2025-07-14 03:44:09.720961,ID
txn_1896,user_35,529945.47,2025-06-30 19:44:09.720961,ID
txn_1897,user_30,4625926.84,2025-06-23 12:44:09.720961,ID
txn_1898,user_37,1642484.17,2025-06-22 03:44:09.720961,ID
txn_1899,user_43,3183588.53,2025-07-13 17:44:09.720961,ID
txn_1900,user_11,2937404.77,2025-06-19 11:44:09.720961,ID
txn_1901,user_39,3987793.06,2025-06-19 11:44:09.720961,ID
txn_1902,user_28,4001231.97,2025-06-23 18:44:09.720961,ID
txn_1903,user_41,689481.12,2025-06-23 17:44:09.720961,ID
txn_1904,user_40,4465623.11,2025-07-04 22:44:09.720961,ID
txn_1905,user_29,3607221.27,2025-06-18 04:44:09.720961,ID
txn_1906,user_1,4704530.46,2025-07-11 05:44:09.720961,ID
txn_1907,user_17,3842971.76,2025-07-02 14:44:09.720961,ID
txn_1908,user_32,2476085.22,2025-07-09 03:44:09.720961,ID
txn_1909,user_2,4322451.23,2025-06-18 19:44:09.720961,ID
txn_1910,user_16,3910468.64,2025-06-23 03:44:09.720961,ID
txn_1911,user_10,3399476.49,2025-06-30 13:44:09.720961,ID
txn_1912,user_8,1250536.56,2025-06-18 00:44:09.720961,ID
txn_1913,user_2,1572882.23,2025-07-08 10:44:09.720961,ID
txn_1914,user_0,4730466.86,2025-06-29 02:44:09.720961,ID
txn_1915,user_29,1483080.31,2025-06-27 20:44:09.720961,ID
txn_1916,user_15,3141510.2,2025-07-16 21:44:09.720961,ID
txn_1917,user_40,2700713.69,2025-07-07 00:44:09.720961,ID
txn_1918,user_8,4243164.59,2025-06-26 03:44:09.720961,ID
txn_1919,user_37,852798.27,2025-06-20 13:44:09.720961,ID
txn_1920,user_19,3649828.16,2025-07-01 00:44:09.720961,ID
txn_1921,user_30,3380283.4,2025-07-10 20:44:09.720961,ID
txn_1922,user_26,952680.82,2025-07-07 16:44:09.720961,ID
txn_1923,user_6,153931.48,2025-07-04 12:44:09.720961,ID
txn_1924,user_8,261782.43,2025-06-21 13:44:09.720961,ID
txn_1925,user_39,786905.37,2025-06-25 17:44:09.720961,ID
txn_1926,user_36,3565025.22,2025-06-25 15:44:09.720961,ID
txn_1927,user_1,4240873.05,2025-06-30 20:44:09.720961,ID
txn_1928,user_3,1356037.81,2025-07-05 00:44:09.720961,ID
txn_1929,user_38,1072673.92,2025-07-15 06:44:09.720961,ID
txn_1930,user_23,538224.65,2025-07-10 22:44:09.720961,ID
txn_1931,user_12,3505725.51,2025-06-17 17:44:09.720961,ID
txn_1932,user_32,3441554.46,2025-06-18 18:44:09.720961,ID
txn_1933,user_46,579286.79,2025-06-30 07:44:09.720961,ID
txn_1934,user_7,2084560.38,2025-07-04 06:44:09.720961,ID
txn_1935,user_44,1913027.96,2025-07-13 00:44:09.720961,ID
txn_1936,user_15,4752640.48,2025-06-26 09:44:09.720961,ID
txn_1937,user_26,2410913.8,2025-06-25 23:44:09.720961,ID
txn_1938,user_34,4431156.68,2025-07-15 22:44:09.720961,ID
txn_1939,user_24,4913262.19,2025-06-25 19:44:09.720961,ID
txn_1940,user_23,1600015.28,2025-06-22 17:44:09.720961,ID
txn_1941,user_5,232368.83,2025-06-20 12:44:09.720961,ID
txn_1942,user_45,2342218.75,2025-06-18 08:44:09.720961,ID
txn_1943,user_15,2703746.48,2025-07-04 09:44:09.720961,ID
txn_1944,user_6,979973.23,2025-07-09 19:44:09.720961,ID
txn_1945,user_49,1447766.73,2025-06-19 02:44:09.720961,ID
txn_1946,user_19,1193314.75,2025-07-03 01:44:09.720961,ID
txn_1947,user_14,4194733.99,2025-06-21 21:44:09.720961,ID
txn_1948,user_4,2992239.51,2025-06-30 06:44:09.720961,ID
txn_1949,user_30,2563054.81,2025-06-21 06:44:09.720961,ID
txn_1950,user_17,1829851.52,2025-06-23 16:44:09.720961,ID
txn_1951,user_48,1809976.93,2025-06-23 10:44:09.720961,ID
txn_1952,user_8,2812577.18,2025-06-22 09:44:09.720961,ID
txn_1953,user_45,801625.59,2025-07-11 23:44:09.720961,ID
txn_1954,user_27,931763.96,2025-06-28 11:44:09.720961,ID
txn_1955,user_40,3779146.6,2025-07-08 10:44:09.720961,ID
txn_1956,user_45,4702305.06,2025-06-27 09:44:09.720961,ID
txn_1957,user_36,4469284.18,2025-07-15 18:44:09.720961,ID
txn_1958,user_35,2694559.09,2025-06-25 20:44:09.720961,ID
txn_1959,user_18,4417324.64,2025-07-10 03:44:09.720961,ID
txn_1960,user_13,4440479.95,2025-06-27 06:44:09.720961,ID
txn_1961,user_17,2725716.97,2025-06-27 09:44:09.720961,ID
txn_1962,user_37,168906.53,2025-07-08 08:44:09.720961,ID
txn_1963,user_21,2127576.67,2025-07-11 03:44:09.720961,ID
txn_1964,user_22,4595392.58,2025-06-29 14:44:09.720961,ID
txn_1965,user_10,2726963.3,2025-07-11 06:44:09.720961,ID
txn_1966,user_5,3735676.8,2025-07-13 14:44:09.720961,ID
txn_1967,user_17,417116.17,2025-07-01 14:44:09.720961,ID
txn_1968,user_19,2332457.04,2025-06-18 14:44:09.720961,ID
txn_1969,user_36,3205674.76,2025-07-08 17:44:09.720961,ID
txn_1970,user_6,4674358.08,2025-07-15 17:44:09.720961,ID
txn_1971,user_33,3913621.33,2025-07-06 10:44:09.720961,ID
txn_1972,user_12,3316998.9,2025-06-20 12:44:09.720961,ID
txn_1973,user_5,3547018.55,2025-07-08 10:44:09.720961,ID
txn_1974,user_9,941970.77,2025-06-20 08:44:09.720961,ID
txn_1975,user_0,3547914.87,2025-07-02 09:44:09.720961,ID
txn_1976,user_30,3932587.87,2025-07-14 22:44:09.720961,ID
txn_1977,user_11,3936130.36,2025-07-17 04:44:09.720961,ID
txn_1978,user_44,952771.81,2025-07-05 02:44:09.720961,ID
txn_1979,user_43,695898.08,2025-07-08 07:44:09.720961,ID
txn_1980,user_25,2164476.06,2025-07-05 22:44:09.720961,ID
txn_1981,user_32,3643396.26,2025-06-20 06:44:09.720961,ID
txn_1982,user_25,3798397.4,2025-06-21 02:44:09.720961,ID
txn_1983,user_39,746546.0,2025-07-12 15:44:09.720961,ID
txn_1984,user_10,64633.35,2025-06-26 08:44:09.720961,ID
txn_1985,user_7,4431266.96,2025-06-17 12:44:09.720961,ID
txn_1986,user_23,1100309.48,2025-07-11 06:44:09.720961,ID
txn_1987,user_33,576815.92,2025-06-19 07:44:09.720961,ID
txn_1988,user_15,531200.5,2025-07-05 11:44:09.720961,ID
txn_1989,user_39,3080913.3,2025-07-11 23:44:09.720961,ID
txn_1990,user_47,3717876.04,2025-06-27 12:44:09.720961,ID
txn_1991,user_46,3572999.05,2025-06-27 01:44:09.720961,ID
txn_1992,user_12,4436261.41,2025-06-25 15:44:09.720961,ID
txn_1993,user_3,2662286.12,2025-06-20 19:44:09.720961,ID
txn_1994,user_49,3304964.99,2025-06-27 00:44:09.720961,ID
txn_1995,user_3,2020032.73,2025-07-12 02:44:09.720961,ID
txn_1996,user_22,1465271.94,2025-07-05 23:44:09.720961,ID
txn_1997,user_42,1400753.97,2025-07-13 10:44:09.720961,ID
txn_1998,user_31,1745949.85,2025-06-19 13:44:09.720961,ID
txn_1999,user_22,3139557.0,2025-07-13 11:44:09.720961,ID
txn_hf_0,user_123,132091.96,2025-07-18 08:44:09.720961,ID
txn_hf_1,user_123,168076.73,2025-07-18 08:43:09.720961,ID
txn_hf_2,user_123,75598.4,2025-07-18 08:42:09.720961,ID
txn_hf_3,user_123,77715.1,2025-07-18 08:41:09.720961,ID
txn_hf_4,user_123,147152.0,2025-07-18 08:40:09.720961,ID
txn_hf_5,user_123,100754.99,2025-07-18 08:39:09.720961,ID
txn_ha_1,user_456,150000000.0,2025-07-16 08:44:09.720961,ID
txn_it_1,user_789,750000.0,2025-07-18 03:44:09.720961,ID
txn_it_2,user_789,1200000.0,2025-07-18 04:14:09.720961,RU
